ids	count
00656634-04ca-459b-9242-ed287bb7c9af_ENSG00000183765.23	24.0
0095ea7d-3e5c-477b-aeab-772dc0be4441_ENSG00000183765.23	32.0
00dc57cc-fbdc-4eb2-994c-981a3abfc8ba_ENSG00000183765.23	6.0
010a0fb1-bda2-4627-a537-d1eced944229_ENSG00000183765.23	10.0
016d75da-f8d4-4bb3-9366-253a1b83d47c_ENSG00000183765.23	175.0
0186af9d-4737-4510-abcb-c9a05fcda93f_ENSG00000183765.23	15.0
01e23611-079e-47f5-9de6-583d4865a9dd_ENSG00000183765.23	4.0
0296ace9-ea93-4527-a9ac-d71124b9acd2_ENSG00000183765.23	16.0
032092ef-de88-416d-926b-313440f2b43c_ENSG00000183765.23	109.0
03464d3b-c424-4c0b-b860-131131434f34_ENSG00000183765.23	208.0
04dda847-e54f-47ba-a8b4-29db7e0077af_ENSG00000183765.23	3.0
06a4c516-c89c-4a38-8409-e10df7768c70_ENSG00000183765.23	2.0
06e73b02-ea67-4d0b-8784-1d3cdbc0183f_ENSG00000183765.23	182.0
0703dbfd-3ab5-4334-a959-c9ca8f7ae966_ENSG00000183765.23	191.0
073dd7e9-42df-460c-9ba0-22a06cb2e56d_ENSG00000183765.23	3.0
07621b72-5bed-44ef-9e99-af9bc3c283d0_ENSG00000183765.23	11.0
07710cd5-effd-4383-b273-49da33a0c66d_ENSG00000183765.23	9.0
081c3d2f-ac75-41a1-b366-bd4b6dafae07_ENSG00000183765.23	11.0
0852e276-41f7-4962-8f03-054923fac72b_ENSG00000183765.23	8.0
08fcfbde-d5aa-433c-8802-857d2bb5886b_ENSG00000183765.23	6.0
094dee43-e75f-4c0d-953a-5b0ecf8a19dc_ENSG00000183765.23	5.0
09aa50d2-a9d4-45be-be5d-18bc36a97dea_ENSG00000183765.23	8.0
0aa04174-2ab0-47a0-ba9e-05f96c1073f4_ENSG00000183765.23	14.0
0aa9be64-9437-4fca-9577-1b225c6f5d99_ENSG00000183765.23	6.0
0ac64c37-be06-4947-a31d-daa30f98a2af_ENSG00000183765.23	4.0
0af8ae9d-ec39-42e7-bc0d-c1c8c9a608e4_ENSG00000183765.23	10.0
0b4a36b9-2c3f-44c2-b55e-ea5492f64c5d_ENSG00000183765.23	9.0
0ba40267-325c-4ce0-b493-072065161407_ENSG00000183765.23	2024.0
0ba4c0da-1175-4446-9c97-5be76e9eacc2_ENSG00000183765.23	6.0
0bb67f28-4a27-4d56-91a4-4b928e41db57_ENSG00000183765.23	12.0
0bc085c6-e888-4b40-9061-363974e54bfd_ENSG00000183765.23	5.0
0cadbc9f-a5ca-4412-b0a1-ee740b743d2b_ENSG00000183765.23	11.0
0e99aa31-ab83-4b2c-8782-591553bd06a2_ENSG00000183765.23	4.0
0f0436c4-637b-4f7f-bae5-6dd08bb3e72d_ENSG00000183765.23	1.0
0f2e3fc9-1295-4816-862e-d4f261a0985f_ENSG00000183765.23	12.0
0fa81f97-c189-4c32-921f-fb9b6211f796_ENSG00000183765.23	144.0
105b0d00-2520-439d-aecf-120bdf6899cd_ENSG00000183765.23	7.0
1082bf4c-ab27-42bc-aaaa-a0b021816e08_ENSG00000183765.23	138.0
119d90ab-26e9-4455-98a2-ec0fc60b0b00_ENSG00000183765.23	12.0
11a7a015-4438-4736-bc6e-b8641e07829b_ENSG00000183765.23	674.0
11e8d0c6-3a74-45d0-9161-38acdcdb38c5_ENSG00000183765.23	16.0
121d24b1-d0fa-437f-ba7e-40100d5f208b_ENSG00000183765.23	4.0
133e7858-a23a-4f3c-83b8-2e4fd6a6fa22_ENSG00000183765.23	147.0
13e0b032-f15b-415c-93cc-10c82a093516_ENSG00000183765.23	29.0
14093490-5c19-4612-9723-1876b5a4c83f_ENSG00000183765.23	287.0
142fd8db-bf55-411b-904b-298470c877f1_ENSG00000183765.23	4.0
14b723b8-cf57-4f53-a59b-798bbaf3216a_ENSG00000183765.23	8.0
15ff7540-f924-479a-a8bd-0af1e383c2ca_ENSG00000183765.23	8.0
17d64969-f6c5-4fa7-bb92-a07174195f6a_ENSG00000183765.23	27.0
17d7623a-6f63-4e93-900a-480003021b75_ENSG00000183765.23	5.0
182f48a9-44b2-4ca5-9cba-f819d37889e3_ENSG00000183765.23	102.0
18fb58cc-a5b1-4c0d-9c8a-40cd80826c45_ENSG00000183765.23	8.0
1954760e-9828-43b5-9daa-4a1b0449dab1_ENSG00000183765.23	69.0
1967c6d1-f2ff-42ae-a4f1-de3b606c18fd_ENSG00000183765.23	43.0
1970ce76-a2ad-464b-9830-09ebbf3370c7_ENSG00000183765.23	337.0
19719605-384c-4cb1-9777-395ac1090199_ENSG00000183765.23	52.0
19bef1bf-de70-44b7-919e-1ad68eacab4d_ENSG00000183765.23	4.0
1a5efa05-5a28-4b6e-992d-3737709199f3_ENSG00000183765.23	9.0
1b4b0a87-e8e3-439a-9bf5-4517b6b19a03_ENSG00000183765.23	7.0
1b8c1258-b9ae-4675-a9e9-ce081fb41bc1_ENSG00000183765.23	12.0
1b8fd5d6-ea71-4dad-8cd7-e8fc738c3f8f_ENSG00000183765.23	9.0
1bcd0c74-fb54-47d6-ad6e-cf49d2e8f858_ENSG00000183765.23	10.0
1bf54acb-b75e-4218-87c3-9d4fda1aa37a_ENSG00000183765.23	4.0
1d2f0ebf-b7bd-4c49-8c55-331e5f87660f_ENSG00000183765.23	9.0
1d395411-10c0-46d3-9514-ca036e624f4a_ENSG00000183765.23	6.0
1d428f5c-0b6b-4e78-9cdf-2dedcb0296ac_ENSG00000183765.23	10.0
1ef9463f-1f1b-4c04-bcac-3f1e2eb0b395_ENSG00000183765.23	476.0
1f057684-021b-44af-8c75-ca0488e94df4_ENSG00000183765.23	952.0
206db645-62a4-4577-b4a7-3fbee8b0dcba_ENSG00000183765.23	31.0
20d2cabf-cd66-4101-ad90-2109bc5b67bd_ENSG00000183765.23	116.0
21fbea2b-6ac1-4f45-ab84-95569d8ec442_ENSG00000183765.23	631.0
23bccd21-ef30-47b7-b7f6-442b40379a8b_ENSG00000183765.23	3.0
23c91b5b-c338-42f2-9952-143a88e796b1_ENSG00000183765.23	12.0
23f0dfa9-14e2-43bd-a96b-02304a8af907_ENSG00000183765.23	18.0
240e501b-ae44-428c-9562-afc16602ba08_ENSG00000183765.23	7.0
2424a434-f479-4b2b-9763-f890aebbff78_ENSG00000183765.23	30.0
243c221f-4732-44f5-be29-b3bde3739a63_ENSG00000183765.23	101.0
24846b3c-eb4b-4f61-9329-ab431e6fcfe7_ENSG00000183765.23	10.0
2491c99d-1313-42a1-a4d9-c97e8c3878f8_ENSG00000183765.23	3.0
25d35e14-539f-4739-af7a-c26506eb071e_ENSG00000183765.23	73.0
25daf2c0-8629-4324-a76f-d95dcdddae72_ENSG00000183765.23	11.0
262a0a1f-8012-45de-b1c8-c797088b4b2e_ENSG00000183765.23	13.0
2634e097-8165-43f4-8d1b-d4104f649dfe_ENSG00000183765.23	9.0
27bf2a22-2b33-4cf5-9d0d-56d546c8fd9b_ENSG00000183765.23	28.0
280d28e6-8d4a-460e-88d2-29654bddaf9e_ENSG00000183765.23	6.0
2818d920-0276-4497-a416-9181eab2d44f_ENSG00000183765.23	12.0
2826b69c-a872-42bc-8542-8cd569be98ca_ENSG00000183765.23	81.0
28312bd8-eab8-47b8-9697-38a558ec7b7c_ENSG00000183765.23	9.0
28343d79-1f3c-449b-b5c2-258dda095d67_ENSG00000183765.23	157.0
2869d62d-30f7-4521-be5a-63702f05accd_ENSG00000183765.23	3.0
2923d9f2-23fe-47aa-ba73-b8e5cfa157a2_ENSG00000183765.23	4.0
29c35b28-f5e3-427d-9fcf-017b458ab38a_ENSG00000183765.23	8.0
29cc07e9-08dc-44c8-9b83-9e488ad5c1ec_ENSG00000183765.23	5.0
29e4e9d6-0656-4f00-9faa-2df9777aba9e_ENSG00000183765.23	5.0
2a1a2c18-564c-4260-bb7d-fa1cac95aa5b_ENSG00000183765.23	260.0
2a3549ce-5b85-4f06-97f3-574e0a93991e_ENSG00000183765.23	28.0
2bf569a4-9e66-4ced-82bc-3185d5eb7503_ENSG00000183765.23	41.0
2c51d1aa-99a3-406e-873f-6bfc37045932_ENSG00000183765.23	10.0
2d028884-5852-424a-b48f-70edeb23641e_ENSG00000183765.23	3042.0
2d852f68-69d8-4a63-b411-039eb79dae39_ENSG00000183765.23	45.0
2daf95c6-9f3b-4fc8-94a6-43b9030a9100_ENSG00000183765.23	126.0
2e4b5526-27bf-4d0e-b991-d2be1d3fed93_ENSG00000183765.23	5.0
2f16d648-38d8-4481-9eab-0524711ac8a3_ENSG00000183765.23	780.0
2f4da988-4eb8-44f2-9c90-9ff912aae302_ENSG00000183765.23	4.0
307d2a45-5057-4d3a-a31e-b3c8b44b709b_ENSG00000183765.23	4.0
30927457-b318-484e-ac78-eeb07df7ee5c_ENSG00000183765.23	151.0
31b8641b-7778-4f31-adf4-d9bc519adf0c_ENSG00000183765.23	11.0
329d8231-b006-41f5-bf2f-ca27a503980f_ENSG00000183765.23	321.0
32ae8f6e-9473-489c-8624-d0d6687a68bf_ENSG00000183765.23	2274.0
3352bf93-4d47-4b5e-8225-d8f1899ef049_ENSG00000183765.23	12.0
338149ac-e18a-44bf-a590-3ae4621abe62_ENSG00000183765.23	562.0
339c934e-7631-40ad-b5e4-b904fac95a17_ENSG00000183765.23	116.0
33a5f018-6e4a-4502-9d7a-cb43b5f5bf88_ENSG00000183765.23	11.0
3401c5b6-3f64-416f-aacb-05a35ef592b6_ENSG00000183765.23	9.0
34840d49-8c9d-40ec-b8a2-d20ed00b2c85_ENSG00000183765.23	2.0
3497537f-f34e-4681-9295-1a48b292d1c1_ENSG00000183765.23	3.0
34a80060-10bb-4a85-b9a5-ab29946231cc_ENSG00000183765.23	5.0
34f96ef1-43ee-4959-be8e-2ca116a227a1_ENSG00000183765.23	12.0
352ed03c-19b9-4fb9-a9b5-0914adf14c09_ENSG00000183765.23	3.0
3541fd3a-76d4-4e96-9e70-ba5adc23cd0d_ENSG00000183765.23	14.0
355a2a3e-949f-432c-b154-2771d0b9c7ae_ENSG00000183765.23	6.0
35a565d9-9c9a-4aa7-bc7d-7d204edc8df5_ENSG00000183765.23	19.0
361b7d2b-427b-4fb0-af62-01ed3c7cd956_ENSG00000183765.23	125.0
362da901-bdaa-42c8-97d8-91ae614fb452_ENSG00000183765.23	188.0
3636a2a3-6b58-4df5-bcdb-d9a3bcb39a89_ENSG00000183765.23	12.0
3656b084-2ee2-4511-a978-53805b9d44c3_ENSG00000183765.23	13.0
366ff55a-c147-46a9-8163-5572b8036b6c_ENSG00000183765.23	7.0
37c8161b-332e-44fc-90c5-d65481ad6ed2_ENSG00000183765.23	125.0
37ea52aa-ec6e-48a7-8a6a-e985796ae003_ENSG00000183765.23	71.0
3832edce-a507-4dce-8931-730d88ccc88c_ENSG00000183765.23	225.0
38b82357-0c65-4246-9176-3bb63d0ecbe2_ENSG00000183765.23	68.0
39259be2-8622-4beb-b70e-6e8ddc93ae4d_ENSG00000183765.23	10.0
395ffd06-0eac-4c03-b16c-f299547aeee1_ENSG00000183765.23	9.0
39771ddf-7977-4d1f-b079-e44b92449fa9_ENSG00000183765.23	8.0
3987a7be-a3e0-48b7-b46d-829a0b5d0685_ENSG00000183765.23	9.0
39a111f6-b56c-431b-9076-11fca236c864_ENSG00000183765.23	8.0
39e71391-447f-4c6b-82cd-f8949853a477_ENSG00000183765.23	7.0
3acd55e0-57b8-41a7-b923-207e49899d06_ENSG00000183765.23	143.0
3acef04b-2017-44d7-bcf0-38b32d2d4e7c_ENSG00000183765.23	9.0
3b0777c7-9c23-495d-86ab-b1b31207ec61_ENSG00000183765.23	6019.0
3bf132d7-00f4-4d11-94ff-76dbfbed6b15_ENSG00000183765.23	1361.0
3e7ed9a7-1e26-484a-be8c-7ac4c7c6ed0f_ENSG00000183765.23	6.0
3ef08319-f533-418c-bda5-8896935b7e70_ENSG00000183765.23	29.0
3f18ac95-069c-4db9-a4c6-c891aa18e16d_ENSG00000183765.23	5.0
3f93f972-72fa-4022-b9e6-ff37ffe21b2f_ENSG00000183765.23	7.0
3fbcca60-7c57-43c8-816c-29da672ce473_ENSG00000183765.23	10.0
402a0ce3-1ae9-4dbf-a332-c3c046c8341f_ENSG00000183765.23	111.0
4036e3b6-c367-4eae-b6e7-4e74575e4a3b_ENSG00000183765.23	244.0
40adfe6c-25d5-4c24-a4bd-ab0801ab2b7d_ENSG00000183765.23	97.0
40c92fab-96ae-4e51-b373-f33c0b0f1c0b_ENSG00000183765.23	243.0
41842a97-ec4f-4a65-94af-196bd4f8ffe2_ENSG00000183765.23	297.0
41d68021-91de-4987-bdf6-3d0d90ccddaa_ENSG00000183765.23	8.0
420aa168-1f38-4dad-8177-51329a567d76_ENSG00000183765.23	6.0
42262334-2187-4cca-a880-ba08ccf9bf2f_ENSG00000183765.23	563.0
4262950f-0b15-40da-9fdb-b2887c167466_ENSG00000183765.23	12.0
42631475-f724-404d-8f45-828c0bb89f40_ENSG00000183765.23	8.0
4360b484-cd30-4ab3-a673-f90d0a4902ad_ENSG00000183765.23	6.0
45bc18d8-d56f-4618-809f-677f77860387_ENSG00000183765.23	12.0
45fd3790-92c8-4658-804c-cf15b7cbcaeb_ENSG00000183765.23	6.0
461194da-1fab-412e-8134-222155d3a12d_ENSG00000183765.23	10.0
4646dedf-3a34-442a-8f81-d92a3844ac0f_ENSG00000183765.23	6.0
4679deb1-4e5f-40b7-9779-af8a3f2a1fbe_ENSG00000183765.23	375.0
471959ba-2677-46a0-97a8-4b03dac27757_ENSG00000183765.23	1.0
475b52ac-bf60-45dc-a19c-b0c2d6b183ef_ENSG00000183765.23	34.0
47846744-78da-4093-9b51-5cd45b2c16a2_ENSG00000183765.23	537.0
48d236a4-4341-4ac7-9307-486af50844b9_ENSG00000183765.23	14.0
493373be-f783-4453-8e7e-7e7edc444fb7_ENSG00000183765.23	36.0
4abd2ac1-9ea3-4174-929a-1f44f84ac616_ENSG00000183765.23	10.0
4b1256af-3a83-4b87-b46d-b73a39f69c04_ENSG00000183765.23	13.0
4b3b82fc-de02-4ab6-9641-77a5144c821f_ENSG00000183765.23	8.0
4b72cebf-7145-4312-be8f-1027d6273348_ENSG00000183765.23	6.0
4c4844f7-68ff-4d28-ae22-67722ac1b1c5_ENSG00000183765.23	4.0
4cc54e01-420e-4f72-b169-ab2493973cfe_ENSG00000183765.23	6.0
4cce21d9-54c2-48ef-96ca-cb44fe744f2c_ENSG00000183765.23	10.0
4cdd5f47-09ee-48ea-8d5b-5d6c0ee91c52_ENSG00000183765.23	5.0
4d8a1ba1-ca4e-4ccc-92f1-08c8cdfa1429_ENSG00000183765.23	8.0
4e24ad6f-1f9d-49a6-b4f6-e1dcea26f76e_ENSG00000183765.23	134.0
4f016161-e2a0-43bb-838b-980ff40b2dad_ENSG00000183765.23	3094.0
5035e8df-9983-408a-810b-3610479db34b_ENSG00000183765.23	6.0
5068da9f-2448-423a-b1c1-644e63553985_ENSG00000183765.23	76.0
510cfa75-2b76-4de3-8b7a-5373b92728ac_ENSG00000183765.23	10.0
5175e616-a42f-4306-8bb1-7d1e1a43b34f_ENSG00000183765.23	56.0
51e50a52-0471-439b-80b4-f707283e013e_ENSG00000183765.23	7.0
51fbb1e3-7b3e-4c4d-8012-077dfed810c9_ENSG00000183765.23	9.0
521f5644-3655-410d-889a-b3c44d6d2434_ENSG00000183765.23	5.0
523a06ba-efdf-4d9d-88d3-b7cf048986d7_ENSG00000183765.23	7.0
52da5d9f-7088-478f-b0e5-88a29eebb2b5_ENSG00000183765.23	287.0
538cdfac-77ae-4e23-8599-a10b8d6adafa_ENSG00000183765.23	10.0
53ba2ccf-9873-4e22-bc76-f284badad346_ENSG00000183765.23	191.0
548d164c-0e1a-4c0d-9fb8-5322c6ab74ad_ENSG00000183765.23	13.0
55428f2d-f876-49c4-a445-dda7f157c9d1_ENSG00000183765.23	147.0
57b37263-1419-4849-a98b-bd8dfeb77e83_ENSG00000183765.23	5.0
57f3c3cc-b8c2-4566-a3d2-0c1c9e2a918c_ENSG00000183765.23	156.0
5807c88f-335b-46cf-a7c6-5b58c521ed27_ENSG00000183765.23	10.0
5872e162-6554-4869-a7e4-af3b49841f49_ENSG00000183765.23	1258.0
58c66451-dfff-4948-9a3b-33b405bf7f07_ENSG00000183765.23	26.0
59d1220c-7f21-45b2-b4e0-ce94e4fbf66b_ENSG00000183765.23	210.0
5a362215-157c-4666-a540-0d66583fac66_ENSG00000183765.23	824.0
5a464779-11a9-4220-9a47-48a320a820ea_ENSG00000183765.23	11.0
5a5befe5-217f-4e93-89af-edfcabb6f9af_ENSG00000183765.23	7.0
5aaf6b0b-db26-4304-8efa-e4f0b481eb8e_ENSG00000183765.23	6.0
5acd4d6e-d406-4c86-a44c-7b1e28c4e028_ENSG00000183765.23	221.0
5b8cfea2-29b7-4c29-bf86-fd361d8634d1_ENSG00000183765.23	8.0
5c2c6450-52a7-47b0-82a3-1aac2e70eb0b_ENSG00000183765.23	13.0
5c607d0d-9bb3-447f-a1ae-22daf3522d21_ENSG00000183765.23	15.0
5c73631e-e073-4898-9c79-66b4f66cf331_ENSG00000183765.23	10.0
5da753b8-1a88-4aa5-be53-a7f3f3c6b215_ENSG00000183765.23	19.0
5dd1a92a-007e-496c-a14a-a84ad9b9db6c_ENSG00000183765.23	64.0
5de04c66-df6d-4539-bc89-99e7b4a84675_ENSG00000183765.23	6.0
5f4b7717-6132-4daf-9724-cc37c592a67e_ENSG00000183765.23	6.0
5f645b47-46df-4896-bb07-adae10f9dc87_ENSG00000183765.23	6.0
60c150be-404e-4c09-8032-d8aa05f6e091_ENSG00000183765.23	174.0
61507aae-c809-421b-9f1c-32d7ba99bf5f_ENSG00000183765.23	179.0
61955bf4-6c02-4c61-9a94-8b8012fda326_ENSG00000183765.23	5.0
61f209a4-0ace-4d48-8ba7-8ffefc976752_ENSG00000183765.23	6.0
62495c7b-681e-4824-81f4-c5b3ef1fff82_ENSG00000183765.23	9.0
62c1db50-72c1-434c-88a2-a549451a69a0_ENSG00000183765.23	7.0
62ea47a8-c324-467c-9bed-eb720483d54c_ENSG00000183765.23	13.0
631341ae-2955-432f-ab03-0ac495a82d17_ENSG00000183765.23	12.0
6340407f-0fdf-4faa-ba7b-73c642e1e4a8_ENSG00000183765.23	57.0
637d0167-9fda-440d-8d81-5c6c5d299eca_ENSG00000183765.23	7.0
63c62a99-35ed-4990-a453-f3179bf80bb3_ENSG00000183765.23	1.0
64371054-e850-48e1-b0a4-5119a741c0c2_ENSG00000183765.23	13.0
64c3f3ac-0871-4214-9681-bdbc62160d55_ENSG00000183765.23	6.0
64ce907e-8e65-470f-9034-ebaca12d5625_ENSG00000183765.23	4.0
651ca232-8963-449d-9235-67614be1f580_ENSG00000183765.23	94.0
6611dc07-98ef-4382-8463-8729c025f336_ENSG00000183765.23	44.0
6620d5f4-5a50-4ae5-92ac-c0aad6c62f37_ENSG00000183765.23	77.0
66d26f26-fe84-43bc-8059-26a96ac93578_ENSG00000183765.23	20.0
67279e6e-864e-49ce-8524-32c6b2398b16_ENSG00000183765.23	15.0
672e9348-b4a3-4048-a5d3-8a9b570a1350_ENSG00000183765.23	91.0
67c8e436-4c44-4aef-9125-0f42d826daec_ENSG00000183765.23	84.0
6897e630-b502-4836-90a1-70b5eaa826db_ENSG00000183765.23	93.0
68ff3d9d-bd46-438d-8ebc-f79744536b0f_ENSG00000183765.23	15.0
692b0d71-dd11-4800-8917-8759951298b2_ENSG00000183765.23	51.0
6a420053-a8c6-4ebf-bcbf-1ed1550c7b58_ENSG00000183765.23	5.0
6ad9d712-17c5-4a27-bfc8-48da3dd3b298_ENSG00000183765.23	32.0
6ae76468-98b5-4aff-a5ab-4d87b7e8f3ba_ENSG00000183765.23	9.0
6b29b178-306f-4510-b466-9459e3e4ba2c_ENSG00000183765.23	21.0
6b774022-f56b-4c38-ba10-1c619a056ded_ENSG00000183765.23	5.0
6b9b1ff4-b470-4261-ad93-9bba3fb447f3_ENSG00000183765.23	6.0
6c5cb6be-1ba2-4910-9703-9c5594cf2ce2_ENSG00000183765.23	6.0
6c75a154-74ee-4de5-a023-9842ac251e28_ENSG00000183765.23	9.0
6c87ca38-bfd2-44a7-a962-2243f353efe7_ENSG00000183765.23	3.0
6cbeb153-b81f-44d8-9c61-efb51266c945_ENSG00000183765.23	7.0
6cea0ed0-af01-4d18-a5f7-b2438504073b_ENSG00000183765.23	9.0
6d6eb6d1-4ba0-45df-8461-6b7eb41b23da_ENSG00000183765.23	12.0
6ddb12e9-b6d9-4431-8be1-974a1b9b432e_ENSG00000183765.23	4.0
6e895444-e7a2-4023-8201-a21579103f3c_ENSG00000183765.23	1821.0
6ebd1a07-b410-4b0e-9b96-fdb553945d43_ENSG00000183765.23	7.0
6f0ea4d8-93a2-478c-95c3-67d862fcf3d9_ENSG00000183765.23	7.0
6fb7c2f3-059b-4525-b08e-f687f501a190_ENSG00000183765.23	18.0
6fe09814-6411-4fba-802c-8b0906f71451_ENSG00000183765.23	3.0
6fe8460b-2964-4994-84bc-c05a10c58c86_ENSG00000183765.23	4.0
6fecfaee-6a72-4608-8612-217fd7e8b769_ENSG00000183765.23	18.0
70bc617e-6785-4bf4-8d7b-ea7e463afcc2_ENSG00000183765.23	372.0
70fb5858-501e-4c32-aaaf-35f89c6ea091_ENSG00000183765.23	262.0
71a388c8-0f8c-4b79-a76a-c68df6720d9f_ENSG00000183765.23	13.0
722814ef-65b2-4a03-b1ce-fbed7555fd0e_ENSG00000183765.23	9.0
723caf93-cc7e-4a77-b6e7-67a8626d057a_ENSG00000183765.23	14.0
7294f9f2-2117-4890-b555-4bf3d90eec5e_ENSG00000183765.23	9.0
72b9864c-d97a-4971-9f8f-cdf03e1f3593_ENSG00000183765.23	7.0
72e4b3d8-dd64-48fa-9cf4-ba2b7b7b7a5a_ENSG00000183765.23	1015.0
7349e8d8-dca0-45ac-9354-320cece5813e_ENSG00000183765.23	7.0
745c192c-0ba6-4a42-a601-55f94ac7e6eb_ENSG00000183765.23	7.0
747d2215-9071-4d79-ba6e-46aed0130e11_ENSG00000183765.23	242.0
74b6428e-d8d3-461f-8237-5ce56d526bd0_ENSG00000183765.23	15.0
74e84651-d5f1-4b25-a221-30530d738119_ENSG00000183765.23	13.0
764b51d3-99f0-455d-befe-52ea1362901d_ENSG00000183765.23	4.0
76a3db76-30f9-42ad-8551-bd4451f85323_ENSG00000183765.23	9.0
77fa8c1f-d322-4f73-b35d-98008f7a588f_ENSG00000183765.23	97.0
7a11ee9d-f208-4353-b95a-95a257de7c2f_ENSG00000183765.23	147.0
7a35146f-bbe6-4e28-a7c7-08c44c67375d_ENSG00000183765.23	3.0
7acd223d-dd13-4a65-a8dd-c0a67f90cd68_ENSG00000183765.23	8.0
7b0ba332-3b3b-4fcc-bc1c-f8ff6608154f_ENSG00000183765.23	4.0
7c199051-57c9-40ea-9343-4479535b0438_ENSG00000183765.23	6.0
7c2199c0-07b2-496f-b57b-6539fe5aca4d_ENSG00000183765.23	6.0
7c2f5e63-d31c-418d-8938-970fb82da5b2_ENSG00000183765.23	12.0
7f4199a4-e429-4482-9f96-4eb16e86a890_ENSG00000183765.23	4.0
7ffd9aea-c741-4689-b0c8-7e47c638329a_ENSG00000183765.23	37.0
80c14271-d071-44c2-9c09-59d11e6a43d2_ENSG00000183765.23	12.0
80fecfe6-6a1f-457b-91bd-d941782e77c8_ENSG00000183765.23	8.0
81414ff3-f777-4872-b2d8-2c12894dcbc4_ENSG00000183765.23	4.0
8150a63b-3179-46f3-a8e1-ca00ce30edd7_ENSG00000183765.23	29.0
821b9b59-4966-44ae-9a32-db7b25a6d197_ENSG00000183765.23	144.0
8228fd93-8173-4388-bd6f-622816d1ffc2_ENSG00000183765.23	15.0
82a8c887-55eb-4cc0-942f-4c2ff793162c_ENSG00000183765.23	3.0
8353f80b-9dba-41ed-a9c5-3bc657ce0ed7_ENSG00000183765.23	12.0
843c1b83-81d7-417a-b35d-082512906275_ENSG00000183765.23	134.0
852e97e4-5fa7-4c32-b643-14974f72c9fb_ENSG00000183765.23	5.0
85301bea-992f-499c-8f19-9b394c3ca94e_ENSG00000183765.23	3.0
865b62e5-a84d-4253-9669-5837d6c9037e_ENSG00000183765.23	485.0
86761caa-d1bf-49b5-8c85-a27572306aed_ENSG00000183765.23	5.0
8694c3c3-6d47-420a-abb8-70d88ed48d79_ENSG00000183765.23	1.0
86b56aff-4737-45f6-a504-491eeed736dd_ENSG00000183765.23	7.0
86f49ddb-49cf-4ca6-a386-b73d76b4fbd0_ENSG00000183765.23	8.0
87303f09-0a7d-4551-a1c6-81319e7ef5c4_ENSG00000183765.23	142.0
87520ccf-945d-401e-8a38-a2e1c2d64800_ENSG00000183765.23	481.0
88cdb373-449d-4a24-8cd3-3f628d8470f4_ENSG00000183765.23	4.0
88f4bd7f-86c1-440d-9a14-a28ec567c262_ENSG00000183765.23	11.0
89720e1b-54ad-4f5d-9a7d-f7f17a8aab22_ENSG00000183765.23	279.0
89f99b6a-63ed-45bc-b243-01f826ca7514_ENSG00000183765.23	6.0
89fddb53-534d-47b6-a92a-4f32c0189d46_ENSG00000183765.23	12.0
8a016107-037e-444f-976f-d913ff635639_ENSG00000183765.23	6.0
8a317795-770c-4124-a867-67e50c741779_ENSG00000183765.23	10.0
8a5d3cbb-8710-4af2-be32-9405f9c4944c_ENSG00000183765.23	4.0
8b374443-2a10-4bbc-932c-d7e795f65c5b_ENSG00000183765.23	262.0
8b3de83a-dfc9-49f7-a1cc-1db5d13d3df5_ENSG00000183765.23	25.0
8b3eff11-8ab3-49f0-afa2-792d33810b77_ENSG00000183765.23	9.0
8c3c1613-e4c5-4e5e-afe6-40b3484e623f_ENSG00000183765.23	762.0
8de024d4-9659-40f1-87c9-11ff723ce27d_ENSG00000183765.23	3.0
8e887103-4114-4291-86b0-0db3a73a22c9_ENSG00000183765.23	81.0
8f849399-39ba-46ac-8988-4b36376efab2_ENSG00000183765.23	137.0
9036b45a-fedc-4936-93c7-ed5b2ad84395_ENSG00000183765.23	67.0
903b1b40-2f53-47d2-8dca-2693aecfad43_ENSG00000183765.23	8.0
90654c64-9b7d-42cb-ae0e-92158972a7b0_ENSG00000183765.23	3.0
907d1414-1248-4c7e-a026-cc87b80f0c81_ENSG00000183765.23	18.0
909072f7-abbe-4f93-94ff-cd0be89ab15d_ENSG00000183765.23	7.0
9098b4e7-1df8-4c57-a313-ee80fb03b919_ENSG00000183765.23	7.0
90b3e686-9132-4617-a90b-8c53457ee30a_ENSG00000183765.23	10.0
90b72879-0f25-4b51-8de8-804f34438205_ENSG00000183765.23	10.0
9124c199-9c51-4e73-9321-b5242c5ae315_ENSG00000183765.23	3211.0
9152a3ea-388c-4428-8e85-408a96187f77_ENSG00000183765.23	3.0
9159b671-400f-4011-acfb-db2a25658be1_ENSG00000183765.23	6.0
91f633cd-736d-4769-b069-a1e72503d924_ENSG00000183765.23	404.0
922460b6-4196-4bb9-ba6b-4f63a8a676a7_ENSG00000183765.23	4.0
9242d722-c741-4c1a-8dff-e9de4e77ce39_ENSG00000183765.23	22.0
93545173-400e-4f81-ab40-59ff65cb239a_ENSG00000183765.23	9.0
939febdb-89ec-415c-9eda-7871a4f66174_ENSG00000183765.23	7.0
93a46877-621e-4f75-afbb-dc81b3269f27_ENSG00000183765.23	9.0
9481f306-2fe0-4143-9341-5b6c95410256_ENSG00000183765.23	13.0
9494e13f-ded4-46b0-ad9e-51c4496e737b_ENSG00000183765.23	3.0
94b8d9d1-240f-488f-ab2e-34614a6948fe_ENSG00000183765.23	908.0
951e4a40-4ba2-48c0-8501-51727ce01830_ENSG00000183765.23	54.0
958de434-5489-4225-835a-b4714395dc22_ENSG00000183765.23	9.0
95da8511-261a-49d2-a10f-db95682b1443_ENSG00000183765.23	16.0
971e7d6e-f471-4090-b6b2-f9f6a95570ee_ENSG00000183765.23	5.0
974eba72-9c25-4321-8bee-2b4f1ef29f7b_ENSG00000183765.23	189.0
9778d027-069e-4e8a-9a09-fb3eff6f76b2_ENSG00000183765.23	9.0
97a97a5a-71e3-4e1c-a8b1-c463c3da8624_ENSG00000183765.23	6.0
97ab9dae-205c-45fc-bf31-d7fdb9cb9a2e_ENSG00000183765.23	4.0
97ef4741-a97d-4aca-ad09-36206239904a_ENSG00000183765.23	4.0
98280e32-4c39-4cf7-884c-716b45394a39_ENSG00000183765.23	3.0
986c2e1d-b5bf-4be7-8390-71d782e08667_ENSG00000183765.23	126.0
98775d2d-f996-45cd-9bf7-0fc5489a6208_ENSG00000183765.23	11.0
98bba617-6a8d-4c92-86e4-54dea75663d8_ENSG00000183765.23	9.0
98be3695-9e69-4377-8cd6-91f399f6a40a_ENSG00000183765.23	474.0
991e3e83-6786-4dd8-bade-eabebbaca158_ENSG00000183765.23	16.0
9a0db8e5-237a-404d-8b7c-e876fef8b638_ENSG00000183765.23	6.0
9b89c741-7622-453c-a011-7d11ce128d8d_ENSG00000183765.23	10.0
9b9a3ed1-22c7-4fef-97b6-620bc3f8884f_ENSG00000183765.23	116.0
9be796f7-8c20-4e1f-a6bd-7a51cf150cf2_ENSG00000183765.23	465.0
9c26f0c8-a9ef-4fb5-9bb5-4c528c9459a3_ENSG00000183765.23	11.0
9c2ae740-aa8f-479c-8d39-ede4179b1f0d_ENSG00000183765.23	13.0
9cb54c9f-7964-4f6a-a346-def289d8c54d_ENSG00000183765.23	8.0
9d388d7e-2354-4eaf-8bb3-a95893f4ac38_ENSG00000183765.23	53.0
9d422372-b18f-4d02-9a31-73d09cd558f2_ENSG00000183765.23	8.0
9d4f95ba-34ab-42a8-85a9-5e3e10c0acf5_ENSG00000183765.23	82.0
9e260a49-a993-46e6-863e-d3d60b11ff96_ENSG00000183765.23	295.0
9f90b26d-7b67-48ae-817e-6a8743ec1e47_ENSG00000183765.23	9.0
9fa51982-0a89-4abc-b03f-6d7c2a83d809_ENSG00000183765.23	42.0
9fad8ced-f308-4e10-b6fc-7aa51610331b_ENSG00000183765.23	79.0
9fe5370f-9c8d-44a6-ad44-064a4e24f3e5_ENSG00000183765.23	2.0
ENST00000348295.7_ENSG00000183765.23	3243.0
ENST00000382580.6_ENSG00000183765.23	7992.0
ENST00000404276.6_ENSG00000183765.23	81388.0
ENST00000405598.5_ENSG00000183765.23	596.0
ENST00000416671.5_ENSG00000183765.23	738.0
ENST00000425190.7_ENSG00000183765.23	7556.0
ENST00000650281.1_ENSG00000183765.23	1896.0
a013cf8b-2d94-4d4c-811c-4546b7ebcfbe_ENSG00000183765.23	5.0
a03d880b-c5f1-4167-8d7f-7c696360dc43_ENSG00000183765.23	9.0
a03e8e79-ada1-4b2f-9be2-64b313507ed6_ENSG00000183765.23	119.0
a13568c6-bca4-411b-8f7b-ebf2816c21ad_ENSG00000183765.23	5.0
a1ae6382-c89a-4679-a442-8e6fe8c6cde3_ENSG00000183765.23	38.0
a25cb584-b4da-495d-8b9b-6c433b70c977_ENSG00000183765.23	1.0
a2821207-ed2e-4e80-837e-6d404ddfb454_ENSG00000183765.23	5.0
a2bfcee2-96d4-46cf-bc68-e23a9c314d0a_ENSG00000183765.23	225.0
a34803b4-dbbb-45ea-aec5-bf7b71888bb0_ENSG00000183765.23	12.0
a3b089e4-8894-43da-94ae-06c54be318e7_ENSG00000183765.23	7.0
a3e6743a-a414-4309-b44a-11b60c0e21fe_ENSG00000183765.23	1536.0
a45c27b8-e075-4b2b-916e-2f6ce4a58044_ENSG00000183765.23	96.0
a460f7c2-2aaf-423c-8d80-49f974d4c7f7_ENSG00000183765.23	42.0
a5030645-2caa-48e9-9531-127dcd04b566_ENSG00000183765.23	12.0
a52484aa-69d0-4c6f-858e-aff6790350dc_ENSG00000183765.23	11.0
a6337a31-c6a2-404f-a83b-cf05f1d79fc1_ENSG00000183765.23	190.0
a69d95b9-1d16-4e4a-93e1-2b99e9bd64d7_ENSG00000183765.23	106.0
a79a4177-861a-496f-b758-30e298e3de91_ENSG00000183765.23	3.0
a7b71f0c-652e-4204-ab4d-1a7063592fd4_ENSG00000183765.23	10.0
a7b84bcf-a947-4cc8-a22e-1048201d77dc_ENSG00000183765.23	347.0
a7d3b822-f220-44c2-a7ba-cc6319d87fc8_ENSG00000183765.23	15.0
a7f33044-1c7a-4ff3-bb08-199959f4a679_ENSG00000183765.23	4.0
a912baca-2135-4816-9126-d2d111b30d47_ENSG00000183765.23	206.0
a96b7f2e-0e99-41b5-beb3-43f17b1b9b8a_ENSG00000183765.23	13.0
a9e0d527-bf95-4e39-90b1-f2e26137ac9d_ENSG00000183765.23	10.0
a9ef5aa7-06c2-4433-b120-5c22aa010f14_ENSG00000183765.23	4.0
aa7f59eb-5fc6-4dde-b06a-98e1ca596907_ENSG00000183765.23	14.0
aab093d3-7494-4a8d-afbf-7787316273ab_ENSG00000183765.23	9.0
aaf4be5b-55dc-47be-8224-bff74fd94a07_ENSG00000183765.23	5.0
aaf71c3e-6a45-4f24-83df-ef49da35c3ee_ENSG00000183765.23	1.0
abf574af-1574-44c2-b4c0-1a10ac456eec_ENSG00000183765.23	14.0
abf8e981-1581-4d95-b7f4-f8b02594f4dc_ENSG00000183765.23	24.0
acf03057-c368-4d12-804a-7aa17f2076ba_ENSG00000183765.23	13.0
ad0a6187-0036-49f0-9380-5469f0a6561a_ENSG00000183765.23	192.0
add22254-8dc8-4da8-b275-9e990edfcaa8_ENSG00000183765.23	33.0
ae1c999d-a0f1-4ae4-b01d-70f49d6d65fc_ENSG00000183765.23	15.0
aebde920-c4f3-4789-8188-1fc99124a91e_ENSG00000183765.23	120.0
aed3d40c-3677-4827-806f-6e8f7b02ace0_ENSG00000183765.23	199.0
af1d1c1a-1dba-40c9-a069-e10fef31ab96_ENSG00000183765.23	8.0
af7217b1-d9bd-4d72-972e-66aef60bfdfd_ENSG00000183765.23	29.0
af86bea4-648d-4619-83b4-11c7b7eeeadc_ENSG00000183765.23	121.0
b00fe1fe-b428-43d1-a53f-428d4300c3c0_ENSG00000183765.23	40.0
b08ef90a-bc5b-4051-a6f9-b47fc0f02567_ENSG00000183765.23	964.0
b1e64c99-aa0d-44cd-8dca-f009e1b201ad_ENSG00000183765.23	87.0
b34101a1-25fe-48e3-ada6-891e842c3ed9_ENSG00000183765.23	5.0
b4875f5e-8b17-4705-b338-ba52690a1078_ENSG00000183765.23	451.0
b50aaf20-6a4f-4de4-91b5-05da5570e75b_ENSG00000183765.23	118.0
b542dda5-95a8-4c0c-9b67-bf89f50487c2_ENSG00000183765.23	5.0
b5b3fa71-3713-4adc-b807-e31c96022592_ENSG00000183765.23	6.0
b63d3647-f5b5-49ac-8f1e-af12fb449cb9_ENSG00000183765.23	7.0
b6849326-2347-4c71-bfd8-122a3df6f6d4_ENSG00000183765.23	6.0
b68701d0-48d3-4ae0-b835-cb153a01fff6_ENSG00000183765.23	8.0
b68f9a92-b64a-4442-8654-eb36ce6b433c_ENSG00000183765.23	4.0
b6a7d827-75b9-4311-b3b7-f14352fd5006_ENSG00000183765.23	7.0
b708f541-42bb-4035-8aca-7d1749059088_ENSG00000183765.23	1.0
b734e819-1158-4eb0-98c7-a17b3246b1f6_ENSG00000183765.23	17.0
b78f7a0b-601c-458c-aeec-61289c8f03b6_ENSG00000183765.23	2.0
b845c28a-f17c-41e6-adc2-fa0a4794d04a_ENSG00000183765.23	24.0
b861d60f-92c5-4ed9-97e4-882518de1704_ENSG00000183765.23	14.0
b9f83561-9cb3-405b-8a15-ab913e569664_ENSG00000183765.23	27.0
ba2812d4-ed6a-47d7-b146-cf6fa10e83eb_ENSG00000183765.23	250.0
bac183c9-d9a0-4bb5-a368-ac1609c14b6f_ENSG00000183765.23	38.0
bb257c6a-172f-4dd9-913c-c099704f362c_ENSG00000183765.23	15.0
bb6c0314-ec45-4361-8e8b-c42c91fa53d3_ENSG00000183765.23	18.0
bb945bc7-fc15-4a0e-aa9a-a05ba4d4b38d_ENSG00000183765.23	6.0
bbb93d5f-91dd-43f0-9dab-2f34775e957c_ENSG00000183765.23	782.0
bbcb2ee6-0dcb-4c19-8260-10d42e5eb852_ENSG00000183765.23	4.0
bbdfb872-d2a4-4f03-bf1a-c48a2d6207b8_ENSG00000183765.23	77.0
bc2b5d2c-1c00-4c9f-8d0b-95b10ee6181a_ENSG00000183765.23	4.0
bc2fd905-7d8d-462e-bfde-270450814c08_ENSG00000183765.23	6.0
bcef2baf-95c0-4c6e-a492-bda9398c9945_ENSG00000183765.23	7.0
bd07beea-8ef3-40bf-8077-3364363a23ad_ENSG00000183765.23	6.0
bd22f0ea-feee-486a-bd57-5c164273d2e1_ENSG00000183765.23	8.0
bdbabaf5-e4fe-4dba-a3d4-0f7fdd03859f_ENSG00000183765.23	9.0
be2e6358-8b2e-4a7b-9cbb-12afde670666_ENSG00000183765.23	23.0
bedf3c3a-39fd-4e04-9577-86c330f4e338_ENSG00000183765.23	60.0
bf482ffe-de30-400d-b0fb-632fdd59c181_ENSG00000183765.23	39.0
bf4db1e1-0153-48c7-95bb-503a83429d3b_ENSG00000183765.23	7.0
bfb86bc2-5cb5-47c8-9bf1-104130824a09_ENSG00000183765.23	223.0
bfbfd5a0-cd44-4e35-b6bd-da67069a30f6_ENSG00000183765.23	10.0
bfff07af-bdf1-4fc4-bd7f-28fd02ded817_ENSG00000183765.23	10.0
c09592e7-053d-4ec9-9305-b292fe593cf9_ENSG00000183765.23	5.0
c120005d-b95c-445d-b469-da66ed09ccdf_ENSG00000183765.23	7.0
c154cbe5-61c6-44ee-b2db-6a59a91e0fd5_ENSG00000183765.23	40.0
c2f57b9a-d59b-4528-8c20-ba2883a73e12_ENSG00000183765.23	4.0
c33a0210-e390-4b14-9ed2-675ac28bf6d1_ENSG00000183765.23	112.0
c382c1c8-4af3-4097-91b7-eed5bd7c46bc_ENSG00000183765.23	2.0
c451d31d-bdae-401b-9cf2-d64c9da40fcb_ENSG00000183765.23	10.0
c5079b2d-6478-4008-b29c-21ea7e777062_ENSG00000183765.23	15.0
c633d01d-1e8c-479c-855b-c608ca707952_ENSG00000183765.23	194.0
c6dde4e6-0de6-4cd0-94ea-f06fbf97432d_ENSG00000183765.23	123.0
c7755ec9-bac6-4ac7-83db-9ca2ac3b403d_ENSG00000183765.23	1009.0
c7fbfb7a-d145-4857-aceb-6b3f596679c7_ENSG00000183765.23	11.0
c90cc2b0-2ff7-40ab-9ecb-a527bf981b79_ENSG00000183765.23	9.0
c94c21e0-a605-4179-9b89-5111de0e3010_ENSG00000183765.23	6.0
c96d87f9-d4d7-4592-9a30-170c36ae366c_ENSG00000183765.23	9.0
c9a9dda8-c9ec-40ef-b68c-97c0a573ee7f_ENSG00000183765.23	232.0
ca268ee8-cc4a-4efc-aebb-f45c9ea3e1bb_ENSG00000183765.23	9.0
cb2caabb-6f27-4480-9a57-7f48be09d27f_ENSG00000183765.23	6.0
cb7a1f73-e019-4cf5-bd93-287e774489dc_ENSG00000183765.23	11.0
cd32a164-897d-4f92-86b1-5df8af1a4def_ENSG00000183765.23	8.0
cd6ebc65-6b7b-40e7-a251-2a156eae2371_ENSG00000183765.23	13.0
cd7241f7-2659-4398-bb50-ae8cef36467a_ENSG00000183765.23	278.0
cdc39057-d1b9-42cf-ae0d-df440da77558_ENSG00000183765.23	16.0
ce00ca2e-8794-44ff-837f-d8f2238add88_ENSG00000183765.23	14.0
ce588e7d-5c38-4dbc-bc33-b8c43e751457_ENSG00000183765.23	16.0
ce867cf4-1895-462d-9b56-a35b6ef96d42_ENSG00000183765.23	7.0
cf7c26d8-50e1-4c53-b5bf-c12eeae3a680_ENSG00000183765.23	7.0
cfe7ec33-3595-4059-aeb6-326b1dfc76da_ENSG00000183765.23	10.0
d0a9d6ad-63e4-4db3-ac4c-83ef432a7a37_ENSG00000183765.23	35.0
d0c7b694-7861-4541-8f61-9bf8c68f0bb8_ENSG00000183765.23	8.0
d116f584-331d-43c9-ac5a-3b5be04a9dc7_ENSG00000183765.23	8.0
d1806c8d-4d9c-48ec-ab7d-442feb0e0250_ENSG00000183765.23	9.0
d24124aa-c260-44b8-9259-4b34c5a353be_ENSG00000183765.23	15.0
d33d2fe6-6704-42c0-8e16-d4093ca2d93b_ENSG00000183765.23	4.0
d3c1f88f-9f7d-4a3a-b9ba-58c2219d410b_ENSG00000183765.23	28.0
d3d7009b-1239-4678-a8dc-c850318d441e_ENSG00000183765.23	16.0
d48e2388-49b2-47b7-9a22-a3cb226ddb84_ENSG00000183765.23	6.0
d50ad614-38f7-4f2f-81a4-5ff08ace6a50_ENSG00000183765.23	6.0
d536268f-7fc4-4cd9-9553-b015ed6d7363_ENSG00000183765.23	6.0
d53ee00c-0e7e-4437-8bc3-d065d2b8f40d_ENSG00000183765.23	123.0
d6c80c5e-b743-42e3-837b-9673436f774b_ENSG00000183765.23	7.0
d6e8711a-b516-4ca7-8c3e-1e5b2b8d664c_ENSG00000183765.23	60.0
d7118bd7-6deb-454f-881b-3b04e72908c8_ENSG00000183765.23	11.0
d715fd2f-bdb2-46a8-bd3a-dec177f40b4a_ENSG00000183765.23	12.0
d7823fd9-d482-4566-bd4c-b7d7889fc595_ENSG00000183765.23	106.0
d78ee76d-cfdf-4b76-bb63-a3e8efe5a3f1_ENSG00000183765.23	9.0
d81c40c2-4414-4d9c-998f-2f86a6295c95_ENSG00000183765.23	15.0
d96b4e98-90c7-4b4f-afad-e02c278f65da_ENSG00000183765.23	6.0
da485f9f-4084-4a8b-a797-236aeaade1b1_ENSG00000183765.23	163.0
da57f23a-3026-4f0d-af86-08f550bf4ac1_ENSG00000183765.23	4.0
da6d048c-03a8-4760-b0bd-f0dd138c582a_ENSG00000183765.23	7.0
db0b88d7-1baa-48d2-963d-765c47f86a2b_ENSG00000183765.23	1281.0
db1cb385-94fe-49b8-a6b9-995cfb6a3a65_ENSG00000183765.23	7.0
db36e78c-e17a-4bfb-a3cd-18442bad4e1a_ENSG00000183765.23	30.0
dbd6a193-7ec7-4b80-9216-68226d1de7fd_ENSG00000183765.23	5.0
dc1242ea-b382-4774-aee2-b2587476283b_ENSG00000183765.23	80.0
dc2374df-bb09-4896-8da9-c14748ddf61b_ENSG00000183765.23	5.0
dc409c24-571a-40b9-b526-8664ba5f6ff5_ENSG00000183765.23	78.0
dccd4fe4-ece9-42ae-8828-4f3ad484d8b6_ENSG00000183765.23	12.0
dd51f990-9b7d-444c-865a-79d09c06dda3_ENSG00000183765.23	9.0
dd66c7eb-d637-40b4-9861-832cc98d8039_ENSG00000183765.23	130.0
ddbb1307-fa25-4aa9-b0bd-744c5c731d98_ENSG00000183765.23	414.0
de766c1f-0924-4d99-915f-e5bec7142dc4_ENSG00000183765.23	1931.0
df1baac9-f084-4b98-bebf-80df5d73d965_ENSG00000183765.23	35.0
df922f57-33bb-4706-b99b-6cb887857b45_ENSG00000183765.23	20.0
dfd618e1-bae2-44df-8aea-cefb25670239_ENSG00000183765.23	15.0
e003e8a9-2043-46b7-9173-53b079ebeaae_ENSG00000183765.23	20.0
e153179d-8e35-4657-ac05-df619eb4f31c_ENSG00000183765.23	4.0
e1717dd1-3012-4d6f-9728-943b6048ba9d_ENSG00000183765.23	83.0
e2e7afe7-c1b0-46c8-b3d0-4d7ec8307c76_ENSG00000183765.23	4.0
e3f2a60b-0273-4966-aeb2-3380cd885362_ENSG00000183765.23	40.0
e55ef98f-7549-4624-ad37-c393186f2dff_ENSG00000183765.23	7.0
e6441bd1-929f-4a6a-84f4-3118db129586_ENSG00000183765.23	12.0
e68f3de8-bfe0-4b6e-9127-c3704fd76ea5_ENSG00000183765.23	200.0
e7f1ba18-296e-4809-8fc9-a61b6e29f0b2_ENSG00000183765.23	8.0
e8516b83-b4bd-40c1-bcd1-592bc8559ed0_ENSG00000183765.23	235.0
e86f8d76-858c-4761-a891-fc95abdad1b0_ENSG00000183765.23	7.0
e883ac81-2ddb-49e5-afb9-3df9d24dd50b_ENSG00000183765.23	8.0
e9f3bd53-cfd8-4be1-a6ba-6bc40e1185be_ENSG00000183765.23	4.0
eb0e18c5-5dc3-491a-9b92-3abf0786b74c_ENSG00000183765.23	11.0
ec368527-fe70-4ad5-85ef-756209ea47f2_ENSG00000183765.23	2.0
ec525b10-0994-4ee4-95c5-30dd13d9b9d0_ENSG00000183765.23	106.0
ec6698bd-8394-4d15-b53b-dada237838c1_ENSG00000183765.23	5.0
ecce9393-ac1b-43ba-a0b8-38520163baf2_ENSG00000183765.23	4.0
ed18a28a-951c-445d-b30a-f3ca3d313503_ENSG00000183765.23	281.0
ed21d946-26ea-46e7-a5b0-1c339c8bf383_ENSG00000183765.23	124.0
ed7727ad-8adf-4951-8d97-bad543d09e94_ENSG00000183765.23	5.0
edbd27ea-7f75-4a02-8063-998f7f2986a5_ENSG00000183765.23	208.0
edc15198-3597-4e15-8e91-91f276eb4139_ENSG00000183765.23	7.0
ee214e62-885d-4259-ae7f-be211b01d593_ENSG00000183765.23	10.0
ee56a1a5-eea8-4775-8e3e-7781545d004c_ENSG00000183765.23	11.0
ef4aad2a-cdac-4d9f-ab87-441875100025_ENSG00000183765.23	8.0
ef664f0d-a389-45cd-8c0f-678ff94964c7_ENSG00000183765.23	8.0
ef6b1a26-6192-4b63-921e-ed2e727f91fd_ENSG00000183765.23	166.0
f04104ca-17b4-47e8-a4e0-70aadf01291c_ENSG00000183765.23	14.0
f04ab27c-82f9-440a-b433-0b26f7b1b572_ENSG00000183765.23	25.0
f098c154-4604-4f6f-9790-ecaa06269f07_ENSG00000183765.23	21199.0
f1da221c-744a-4838-8626-e170163c149a_ENSG00000183765.23	5.0
f1db8542-f5b4-475b-9d46-a85a448a52bc_ENSG00000183765.23	33.0
f253c03c-ad1e-4277-bc10-531295501f36_ENSG00000183765.23	5.0
f2a60d9d-a75a-4a1f-a5e1-4459196d1323_ENSG00000183765.23	15.0
f2e8f261-04c2-43dc-bff7-8579433dcae6_ENSG00000183765.23	6.0
f3b631c8-2647-41f6-9a87-417086f4d50b_ENSG00000183765.23	14.0
f3f1e65f-f8fc-4236-bab9-91068b47bbda_ENSG00000183765.23	14.0
f4f31ab1-3a93-4be6-877e-b633a5e9bcce_ENSG00000183765.23	214.0
f4f44cab-fdd4-4768-8eb6-885b8ebad782_ENSG00000183765.23	280.0
f5658961-1646-49bb-ac4a-75651b804fff_ENSG00000183765.23	7.0
f5f6136d-3970-4b04-bc47-03eab5036a53_ENSG00000183765.23	306.0
f602233c-5910-4db2-ad2f-7e324b259028_ENSG00000183765.23	1332.0
f6041704-5f5c-4b40-a2c5-185d0d7e1c6b_ENSG00000183765.23	6.0
f6b55207-3983-4a9c-a722-d262fd6a3316_ENSG00000183765.23	8.0
f71e5614-2a82-437e-a587-e6a96b9eefe4_ENSG00000183765.23	57.0
f72749d6-c73b-4eab-9bfe-509f69e7eb0b_ENSG00000183765.23	8.0
f9b89093-82bb-41c3-bb6d-13d76601bdbd_ENSG00000183765.23	12.0
fa27adab-475c-400b-aa3b-fb097da49c9c_ENSG00000183765.23	219.0
faf06b54-a51d-45a7-a09b-f16c18f563bf_ENSG00000183765.23	261.0
fb76f039-f419-452e-93bf-e76c72a010cd_ENSG00000183765.23	14.0
fbaab4a5-b00a-4a7c-9242-5d867bc1dc2b_ENSG00000183765.23	6.0
fbb3a0ca-9731-4e50-8fcd-5e8a50abd67a_ENSG00000183765.23	10.0
fbc85f85-0ece-4671-9d98-f6afada8c66f_ENSG00000183765.23	6.0
fca93af5-6bcd-45cf-bb64-983ccc8174e1_ENSG00000183765.23	4.0
fcd0c715-a357-4caa-a19d-464ce6a6b0aa_ENSG00000183765.23	9.0
fcf053d4-fc40-4652-b420-7e03913db6e5_ENSG00000183765.23	9.0
fd0166fc-e8e9-4d92-be1f-27fb6844a33f_ENSG00000183765.23	5.0
fd13dcf8-6fe4-40a5-b211-8703633f5daf_ENSG00000183765.23	5.0
fd337e07-eb12-46de-8027-a7b4b28db3f1_ENSG00000183765.23	33.0
fdd15178-7d5a-402a-89fd-a13d9c3fba78_ENSG00000183765.23	9.0
fde69101-9548-481e-be49-57bf1566d917_ENSG00000183765.23	11.0
fdf625e4-15c5-4deb-ac51-10664d9cbf2b_ENSG00000183765.23	4.0
fe06b5e9-89ba-40f0-b845-bb3608a9f8d7_ENSG00000183765.23	9.0
fe37979a-6a5e-4f27-8b7b-6716bf286d6c_ENSG00000183765.23	8.0
ff2d0177-de6d-4724-a94f-29f4bf70566d_ENSG00000183765.23	64.0
ff400da0-80ca-4d33-a6d1-64b53de92902_ENSG00000183765.23	538.0
ff669c29-754f-4bef-9293-1324c94b35ba_ENSG00000183765.23	8.0
ff809757-1356-4478-9d9e-6642ba52387f_ENSG00000183765.23	518.0
ffbea894-b0d3-4d10-bc2f-1721e9e33365_ENSG00000183765.23	102.0
ffd48aff-5fae-4e90-a3c9-7ef224b6536d_ENSG00000183765.23	8.0
